,FIPS,pop,Property Values,Kirwan Opportunity Index,total_reviews,mean_rating,avg_sent,business_ct,med_income,crime_ct,log_reviews,log_business_ct,log_pop,log_crimes
0,520800,1242.0,155800.0,-0.37561,55545,4.069021739130435,0.2704041215603774,184,77838,83.0,10.924948782015823,5.214935757608986,7.124478262493424,4.418840607796598
1,521400,1403.0,138900.0,-0.714736,31980,4.4915492957746475,0.3595509579114476,71,50707,62.0,10.372865986387945,4.2626798770413155,7.246368080102461,4.127134385045092
2,574900,1895.0,121700.0,-0.049501,85557,4.247663551401869,0.36104287984886785,321,106250,,11.356938099468012,5.771441123130016,7.546974117516527,
12,580700,3484.0,113000.0,-0.060878,20235,4.433070866141732,0.3502697628498747,127,61544,,9.915169057309965,4.844187086458591,8.155936337972394,
13,583600,2593.0,97600.0,-0.06872,4634,4.296296296296297,0.39464384151006393,27,92083,,8.441175704992322,3.295836866004329,7.860570785538664,
14,520700,3151.0,0.0,-0.756464,62987,4.224025974025974,0.3348091340291311,154,76143,152.0,11.050683634874394,5.0369526024136295,8.055475141757274,5.0238805208462765
16,517500,2856.0,0.0,-0.892013,19291,3.8989583333333333,0.22438533874085842,96,31776,172.0,9.867393944887889,4.564348191467836,7.957177323459475,5.147494476813453
17,550200,4109.0,181800.0,0.459207,5195,4.506382978723405,0.3825914430312214,47,83995,,8.555451903533328,3.8501476017100584,8.32093496888341,
22,516600,2377.0,64100.0,-0.965866,5107,4.145833333333333,0.2653920813061665,24,36985,86.0,8.538367426647644,3.1780538303479458,7.773594467360194,4.454347296253507
23,516500,2560.0,217000.0,-0.240863,24332,4.136,0.2876191337127832,100,115781,46.0,10.099547635440596,4.605170185988092,7.847762537473608,3.828641396489095
25,515300,2708.0,63700.0,-1.106039,5038,4.264705882352941,0.3281833850948196,34,33640,67.0,8.524764456912555,3.5263605246161616,7.903965634032166,4.204692619390966
27,547000,3512.0,,,3907,3.8208333333333333,0.20215113854146735,24,33804,74.0,8.27052509505507,3.1780538303479458,8.163940954755008,4.30406509320417
28,504200,1644.0,69400.0,-1.050306,2771,4.133333333333334,0.2001889744152391,15,44453,53.0,7.9269635448629785,2.70805020110221,7.404887575616125,3.970291913552122
29,573600,7392.0,115000.0,-0.545483,15412,4.162195121951219,0.24323240772478372,82,25333,,9.642901705746048,4.406719247264253,8.90815361332152,
30,546700,2816.0,52500.0,-0.821786,977,4.1,0.2352986797074869,16,29110,100.0,6.884486652042782,2.772588722239781,7.943072717277933,4.605170185988092
31,575100,2712.0,105800.0,0.272883,5446,4.246875,0.33783712662426063,32,46750,,8.602636673233706,3.4657359027997265,7.905441649060286,
33,516400,1097.0,62100.0,-0.979491,6450,4.314285714285714,0.29805602198825054,28,71500,16.0,8.771835409789817,3.332204510175204,7.00033446027523,2.772588722239781
34,552200,4685.0,70200.0,-0.876389,7336,4.278947368421052,0.2788575353841692,57,37222,,8.9005490139363,4.04305126783455,8.452121194672523,
36,545900,3758.0,73600.0,-0.575888,1881,4.178947368421053,0.20261935995890118,19,27411,88.0,7.53955882930103,2.9444389791664403,8.231642179973411,4.477336814478207
37,512800,2415.0,,,5330,4.129545454545454,0.26592832363315383,44,25160,126.0,8.58110651715989,3.784189633918261,7.789454566086673,4.836281906951478
39,552000,3701.0,82600.0,-0.632263,8109,4.12,0.26224224134477697,55,44524,,9.000729834944558,4.007333185232471,8.216358332386156,
40,507400,2488.0,51000.0,-0.91542,2080,4.0249999999999995,0.20491208671566022,24,55313,54.0,7.640123172695364,3.1780538303479458,7.81923445385907,3.9889840465642745
41,542600,3168.0,83200.0,-0.637299,2286,4.347619047619047,0.23532697038197736,21,41083,46.0,7.734558844354756,3.044522437723423,8.060855752934316,3.828641396489095
42,531300,1153.0,58600.0,-1.030154,242,4.14,0.312623339729225,5,23205,36.0,5.488937726156687,1.6094379124341003,7.050122520269059,3.58351893845611
46,578500,6408.0,78800.0,-0.041433,6927,4.087272727272728,0.26724349794261243,55,37989,,8.843182098022606,4.007333185232471,8.765302488748196,
47,551300,4383.0,110300.0,0.112444,5748,4.148148148148148,0.26709677768235124,27,91705,2.0,8.656607247198915,3.295836866004329,8.38548870041881,0.6931471805599453
48,550400,1648.0,217900.0,0.626198,6357,4.194444444444445,0.3175655314380885,54,168125,,8.757311846936409,3.9889840465642745,7.4073177104694174,
49,574100,4875.0,122700.0,-0.361601,15834,4.110112359550562,0.2949481838048589,89,42827,,9.669914805731379,4.48863636973214,8.491875383431948,
50,520200,3650.0,114500.0,-0.667916,9801,4.086111111111111,0.24108363000721647,72,43798,35.0,9.19023970026918,4.276666119016055,8.202482446576537,3.5553480614894135
51,518900,2121.0,0.0,-1.241453,34512,4.389130434782609,0.3290506599545155,138,26786,130.0,10.449062368628937,4.927253685157205,7.659642954564682,4.867534450455582
54,517200,1758.0,0.0,-0.621355,154403,4.091292875989446,0.27931795006739507,379,88750,244.0,11.947321346435865,5.937536205082426,7.471932078245122,5.497168225293202
57,517000,2978.0,126000.0,-0.237645,4878,4.3125,0.339674782362647,32,68846,45.0,8.492490578775866,3.4657359027997265,7.999007213243955,3.8066624897703196
58,554400,3404.0,86400.0,0.039979,1826,4.335,0.39884801282609134,20,88111,,7.509883061154913,2.995732273553991,8.132706489693264,
62,550600,2696.0,555400.0,1.228106,234,4.76,0.5285531671545958,5,230417,,5.455321115357702,1.6094379124341003,7.899524472032198,
63,550500,4030.0,327400.0,0.893553,1214,4.5360000000000005,0.396973597643995,25,159583,,7.101675971619444,3.2188758248682006,8.301521654940728,
64,551200,3982.0,176000.0,0.778321,12621,4.417441860465116,0.36138148072054244,86,135694,,9.44311737225863,4.454347296253507,8.289539484624141,
66,577900,4206.0,90100.0,0.054994,8340,4.231914893617021,0.32794082529958846,47,48750,,9.028818495352793,3.8501476017100584,8.344267356262645,
70,576200,2566.0,143700.0,0.204533,3878,4.319999999999999,0.32319226225158665,30,78000,,8.263074835802596,3.4011973816621555,7.850103545175582,
71,583900,4056.0,116100.0,-0.10998,10437,3.983333333333333,0.26600337475221353,48,50944,,9.253112463820052,3.871201010907891,8.30795254527102,
73,576400,3596.0,131000.0,0.335113,19491,4.3495495495495495,0.3778113886038684,111,92500,,9.877708099548641,4.709530201312334,8.18757739559151,
75,508100,1271.0,44000.0,-1.277639,2473,3.957692307692308,0.23640651107130378,26,16600,67.0,7.813187267521416,3.258096538021482,7.147559271189454,4.204692619390966
78,515200,1315.0,45000.0,-0.553436,830,4.269230769230769,0.261483814984121,13,30893,30.0,6.721425700790643,2.5649493574615367,7.181591944611865,3.4011973816621555
79,547100,4714.0,,,6156,3.9902439024390244,0.2158209237316454,41,22170,148.0,8.72518249495877,3.713572066704308,8.458292083496076,4.997212273764115
81,584400,3166.0,116000.0,-0.12061,7856,4.121428571428572,0.24056447496410116,28,49031,,8.969032850034301,3.332204510175204,8.060224240440958,
82,583200,2924.0,75900.0,-0.299405,3608,4.142307692307693,0.30847228697860984,26,42269,,8.190908881182514,3.258096538021482,7.980707820869669,
83,526400,1417.0,46700.0,-0.881032,711,4.0,0.21047291479604385,10,56053,7.0,6.566672429803241,2.302585092994046,7.256297239690681,1.9459101490553132
84,583700,3705.0,111000.0,-0.141558,6296,4.037142857142857,0.2778167728577247,35,74050,,8.74766979009724,3.5553480614894135,8.217438537730187,
85,576700,3649.0,153800.0,0.488912,2734,4.345454545454545,0.31173660377439827,22,97917,,7.913521017283895,3.091042453358316,8.202208436436448,
88,524700,3768.0,67500.0,-0.6942,2424,4.351851851851852,0.3025488438057501,27,41955,67.0,7.793174347189205,3.295836866004329,8.234299635696253,4.204692619390966
89,524600,1401.0,,,4432,4.105882352941177,0.25666939566970937,51,16410,22.0,8.39660622842712,3.9318256327243257,7.244941546337007,3.091042453358316
92,521100,1544.0,55000.0,-0.862036,21452,4.274074074074075,0.27141293087314444,54,39602,30.0,9.973573160102816,3.9889840465642745,7.342131730584722,3.4011973816621555
93,524300,2626.0,57900.0,-0.99083,1877,4.429411764705883,0.2729080299052353,17,41504,33.0,7.537430036586509,2.833213344056216,7.873217054862741,3.4965075614664802
96,523800,3759.0,59600.0,-0.928601,3785,4.204545454545454,0.2222825188261919,22,53359,35.0,8.23880116587155,3.091042453358316,8.231908243564177,3.5553480614894135
97,506100,1875.0,70900.0,-0.878444,3608,4.220833333333333,0.2917189306827402,24,28125,59.0,8.190908881182514,3.1780538303479458,7.536363938404511,4.07753744390572
98,503500,2709.0,69100.0,-1.292596,3531,4.085,0.2002409351027385,20,44717,98.0,8.169336395928386,2.995732273553991,7.904334842085095,4.584967478670572
100,574000,6694.0,98100.0,-0.480613,16816,4.1883928571428575,0.32886850405912005,112,46085,,9.730086093116732,4.718498871295094,8.808966881771273,
102,505800,3337.0,,,1425,3.8942857142857146,0.13507074631771457,35,24906,51.0,7.261927092702751,3.5553480614894135,8.112827478751374,3.9318256327243257
104,506900,3579.0,66600.0,-0.664621,2321,4.153846153846154,0.2210452019819413,13,32981,61.0,7.749753406274437,2.5649493574615367,8.182838710766026,4.110873864173311
105,531900,866.0,53200.0,-1.5527,1238,4.3,0.3082054577854249,12,26368,42.0,7.121252453244542,2.4849066497880004,6.763884908562435,3.7376696182833684
106,533900,3356.0,140500.0,-0.648512,16590,4.038392857142857,0.26540605105074483,112,61250,114.0,9.71655538318449,4.718498871295094,8.118505067587098,4.736198448394496
107,536600,2535.0,46500.0,-0.72307,2197,4.0360000000000005,0.2327070844453199,25,32597,59.0,7.69484807238461,3.2188758248682006,7.837948916025283,4.07753744390572
110,521900,2943.0,121700.0,-0.6242,7085,4.3612244897959185,0.3103370279353393,49,86518,95.0,8.865735152124781,3.8918202981106265,7.987184748233473,4.553876891600541
111,509100,4563.0,,,2370,4.178947368421053,0.23260327802389624,38,49563,50.0,7.7706452341291765,3.6375861597263857,8.425735580927402,3.912023005428146
112,577700,2437.0,104800.0,0.31025,1466,4.521428571428571,0.40594623375252664,14,66089,,7.290292882446597,2.6390573296152584,7.798523053625206,
113,545800,5518.0,55700.0,-0.747343,2081,4.184210526315789,0.2406178158719981,19,28438,126.0,7.640603826393634,2.9444389791664403,8.615770754777232,4.836281906951478
115,530900,1698.0,49800.0,-1.212135,593,4.1230769230769235,0.18284142818974197,13,34435,37.0,6.385194398997726,2.5649493574615367,7.437206366871292,3.6109179126442243
119,500400,751.0,48800.0,-1.483277,3441,3.963636363636364,0.2132932564874961,22,31827,37.0,8.14351740579748,3.091042453358316,6.621405651764134,3.6109179126442243
120,525700,4403.0,48900.0,-0.71755,4052,4.385714285714286,0.25084973427847135,35,43255,31.0,8.306965865368573,3.5553480614894135,8.390041405755754,3.4339872044851463
125,503600,1476.0,63900.0,-0.982329,483,4.216666666666667,0.15074911531142673,6,33531,54.0,6.180016653652572,1.791759469228055,7.297091005160418,3.9889840465642745
126,519000,1091.0,,,3154,4.138709677419355,0.2620136169950894,31,44196,56.0,8.056426767522984,3.4339872044851463,6.994849985833071,4.02535169073515
127,572200,7155.0,139400.0,0.084889,9436,4.085714285714285,0.3110161057984029,42,65750,,9.152287440527566,3.7376696182833684,8.875566691990551,
128,540300,3746.0,68300.0,-0.47287,1845,3.82,0.18489743128850328,15,38750,79.0,7.520234556474628,2.70805020110221,8.228443883004033,4.3694478524670215
130,526000,3043.0,54900.0,-1.118431,3033,4.256818181818182,0.2508572208698852,44,30603,25.0,8.017307507688582,3.784189633918261,8.02059914989697,3.2188758248682006
131,580400,2594.0,105100.0,0.325076,4684,4.382142857142857,0.40430474669468763,28,109375,,8.451907724717607,3.332204510175204,7.860956364876389,
133,505700,2936.0,,,9688,4.11551724137931,0.22146113763530256,58,32500,115.0,9.178643285232928,4.060443010546419,7.984803389734406,4.74493212836325
134,525400,1795.0,48000.0,-0.96577,724,4.308333333333334,0.23537489971955397,12,29875,35.0,6.584791392385716,2.4849066497880004,7.492760300922379,3.5553480614894135
135,580500,2953.0,120000.0,0.216826,4524,4.227659574468085,0.3583338893546351,47,90968,,8.41715183723601,3.8501476017100584,7.990576881743923,
140,577200,3495.0,83800.0,-0.385083,12643,4.155384615384616,0.2815772667668977,65,45656,,9.444858981311897,4.174387269895637,8.15908865466791,
141,575300,3804.0,119200.0,0.231461,4226,4.35,0.39777353935830256,32,86013,,8.349011198176003,3.4657359027997265,8.24380842366528,
142,550800,1635.0,277900.0,0.848814,436,4.0,0.2552118989033741,7,178816,,6.077642243349034,1.9459101490553132,7.399398083331354,
145,503200,3002.0,69100.0,-0.914727,4042,4.1000000000000005,0.2918419040304809,27,54091,121.0,8.304494897963567,3.295836866004329,8.007034012193408,4.795790545596741
146,516800,569.0,50200.0,-1.393979,3031,4.3136363636363635,0.25043135209363965,22,36667,35.0,8.016647877057803,3.091042453358316,6.343880434126331,3.5553480614894135
147,504100,1173.0,65900.0,-1.209391,1287,3.993333333333333,0.170044532612354,15,35730,83.0,7.160069207596127,2.70805020110221,7.067319848653476,4.418840607796598
149,537800,1545.0,39800.0,-0.966035,3423,4.196969696969697,0.23325906165139107,33,24375,34.0,8.138272638530186,3.4965075614664802,7.3427791893318455,3.5263605246161616
151,584100,1822.0,107700.0,0.123504,11900,4.391489361702128,0.37563079367609664,47,62083,,9.38429367909962,3.8501476017100584,7.507690077819904,
152,551800,3759.0,170200.0,0.589876,5633,4.4904761904761905,0.393615122114011,42,111250,,8.636397438894713,3.7376696182833684,8.231908243564177,
154,579900,5789.0,247800.0,0.173338,36806,4.043506493506494,0.2346316300426049,154,64375,,10.51341615434514,5.0369526024136295,8.663714844079005,
156,511300,2231.0,41800.0,-1.200831,1241,4.184615384615385,0.21965125336170746,13,38950,41.0,7.123672785204607,2.5649493574615367,7.7102051944325325,3.713572066704308
158,506200,1814.0,68600.0,-1.140022,2087,4.185714285714286,0.2802355125946768,21,26492,83.0,7.643482907077201,3.044522437723423,7.503289630675082,4.418840607796598
159,507200,1003.0,52300.0,-1.244824,2782,4.0,0.24281865752390594,9,39175,26.0,7.930925372483388,2.1972245773362196,6.910750787961936,3.258096538021482
162,555100,4697.0,102000.0,0.121691,2693,4.0,0.26690449205720457,16,70652,,7.898411092811599,2.772588722239781,8.454679286026995,
163,520300,2622.0,214100.0,-0.442925,38243,4.444897959183674,0.3697456073328503,98,78388,48.0,10.551715815970995,4.584967478670572,7.871692664323645,3.871201010907891
164,506800,3904.0,80600.0,-0.804353,10522,4.113636363636363,0.24111009152133753,44,43382,78.0,9.261223582290752,3.784189633918261,8.269756947532983,4.356708826689592
165,541200,2046.0,65200.0,-1.008247,4664,4.1000000000000005,0.2450382393877952,24,20742,31.0,8.447628728030327,3.1780538303479458,7.6236419465115715,3.4339872044851463
166,544300,2428.0,72600.0,-0.801954,2442,4.081818181818182,0.25108499791749633,22,38588,41.0,7.80057265467065,3.091042453358316,7.794823152179389,3.713572066704308
167,547200,3982.0,,,6070,3.8767441860465115,0.19965301397575447,43,25643,141.0,8.711113884053544,3.7612001156935624,8.289539484624141,4.948759890378168
168,539400,3707.0,105700.0,-0.437932,4009,4.110714285714286,0.252498036162706,28,43333,68.0,8.296297112642508,3.332204510175204,8.217978203150732,4.219507705176107
169,544200,2005.0,70400.0,-1.102514,1344,4.514285714285714,0.23568815093782444,7,24570,49.0,7.203405521083095,1.9459101490553132,7.60339933974067,3.8918202981106265
170,532100,2162.0,,,1847,4.0,0.206559569857748,9,45694,32.0,7.52131798019924,2.1972245773362196,7.6787889981991535,3.4657359027997265
173,538900,3465.0,89900.0,-0.302637,6502,4.348648648648648,0.3581552303486955,37,54196,52.0,8.779865100863852,3.6109179126442243,8.150467911624004,3.9512437185814275
174,504300,1834.0,64200.0,-0.929081,548,4.1625,0.2077645005197715,8,33646,81.0,6.306275286948016,2.0794415416798357,7.51425465281641,4.394449154672439
175,542500,2475.0,124900.0,0.195047,2508,4.0928571428571425,0.27804421211081953,14,67019,35.0,7.827240901752812,2.6390573296152584,7.813995675002791,3.5553480614894135
178,554300,5157.0,90100.0,0.16749,1403,4.05,0.28306928899062167,14,57045,,7.246368080102461,2.6390573296152584,8.548110294050959,
179,559800,2891.0,,,5830,4.006818181818182,0.23088607846694237,44,14231,2.0,8.670772279344538,3.784189633918261,7.969357742016346,0.6931471805599453
180,538700,3823.0,87200.0,-0.646153,9335,4.174358974358975,0.25746086474327046,39,36139,90.0,9.141526055975824,3.6635616461296463,8.248790733696413,4.499809670330265
181,501600,1955.0,75800.0,-0.632116,6672,4.0181818181818185,0.2578922517000203,55,43712,57.0,8.805674944038582,4.007333185232471,7.578145472419466,4.04305126783455
182,534100,1691.0,81200.0,-1.028174,4077,4.0,0.217049663107395,15,20694,59.0,8.313116702819253,2.70805020110221,7.43307534889858,4.07753744390572
183,532600,2068.0,98100.0,-0.991057,1740,4.044444444444444,0.2020536422612604,18,42098,59.0,7.461640392208575,2.8903717578961645,7.63433723562832,4.07753744390572
184,519200,1440.0,,,3940,4.285714285714286,0.26444241461173357,28,25729,65.0,8.27893600229198,3.332204510175204,7.272398392570047,4.174387269895637
185,581600,5811.0,125500.0,0.274822,11290,4.128333333333333,0.29172928631016776,60,69926,,9.331672657143708,4.0943445622221,8.667507952075105,
187,570100,4107.0,97300.0,-0.219408,2577,4.0,0.25682580240352826,23,48599,,7.854381210652365,3.1354942159291497,8.320448113956559,
193,521500,1354.0,36700.0,-0.844764,15521,4.189285714285714,0.2665990411616263,28,44250,64.0,9.649949224651184,3.332204510175204,7.21081845347222,4.1588830833596715
194,579800,1494.0,54900.0,-0.916881,1699,4.096296296296296,0.2259209570360595,27,46685,,7.4377951216719325,3.295836866004329,7.309212365692763,
197,577100,3251.0,79800.0,-0.484148,5704,4.294117647058823,0.2830759208846474,34,34428,,8.648922962094131,3.5263605246161616,8.086717920303906,
198,539600,3197.0,87300.0,-0.526951,3201,4.118181818181818,0.20449698023293206,22,66012,55.0,8.071218539969863,3.091042453358316,8.069968149059841,4.007333185232471
199,535800,3944.0,,,4212,4.061702127659575,0.20021455509694255,47,22776,103.0,8.345692873253865,3.8501476017100584,8.279950715722526,4.634728988229636
200,576300,2383.0,129000.0,0.30583,2324,4.328571428571429,0.42492524792385694,21,88173,,7.751045117971802,3.044522437723423,7.776115477098742,
201,541300,2664.0,80900.0,-0.775784,6771,4.126315789473685,0.29379850034116967,38,39853,54.0,8.820404065485645,3.6375861597263857,7.88758403166028,3.9889840465642745
202,571700,2758.0,109000.0,-0.142162,4957,4.161904761904762,0.3112874285363213,21,39402,,8.508555998020574,3.044522437723423,7.922261058353247,
203,572000,2213.0,112400.0,0.166988,3237,4.3566666666666665,0.41189880503374215,30,59327,,8.082402253926244,3.4011973816621555,7.70210434005105,
204,500600,2692.0,75000.0,-0.652763,3298,4.05,0.20164159524071276,20,42009,91.0,8.101071503119543,2.995732273553991,7.898039690764619,4.51085950651685
207,578600,6443.0,78600.0,-0.411546,10858,4.215662650602409,0.3014189989021781,83,34303,,9.292657414465397,4.418840607796598,8.770749549138642,
208,513800,2367.0,,,3521,3.9,0.25282202260244396,20,26283,87.0,8.166500319155052,2.995732273553991,7.769378609513984,4.465908118654584
209,575000,4702.0,133500.0,0.227377,2960,4.276,0.38793968074438895,50,82917,,7.992944547318106,3.912023005428146,8.455743229100015,
210,505200,2943.0,78600.0,-1.012398,870,3.788888888888889,0.11524748594297234,9,37287,68.0,6.76849321164863,2.1972245773362196,7.987184748233473,4.219507705176107
212,544800,1775.0,,,2539,4.168,0.20567795494401964,25,39697,54.0,7.839525581704678,3.2188758248682006,7.4815557019095165,3.9889840465642745
213,554200,3160.0,103800.0,0.014279,4540,4.032,0.22618486758105388,25,41389,,8.420682291035394,3.2188758248682006,8.058327306580958,
215,534700,3056.0,61300.0,-0.753231,2081,4.021428571428571,0.19199621212536094,14,30982,55.0,7.640603826393634,2.6390573296152584,8.024862150286411,4.007333185232471
216,534400,1474.0,55800.0,-1.187281,409,4.5,0.3847532345593756,10,10625,35.0,6.013715156042802,2.302585092994046,7.295735072749282,3.5553480614894135
219,542900,3319.0,124200.0,0.069259,5815,3.965625,0.21022796765496984,32,66019,34.0,8.668196064952765,3.4657359027997265,8.107418811719974,3.5263605246161616
221,542400,2651.0,82800.0,-0.496307,2093,4.127777777777777,0.2608881811747412,18,21875,59.0,7.646353722445999,2.8903717578961645,7.8826922062890254,4.07753744390572
222,573900,6018.0,104400.0,-0.343975,5219,4.235555555555555,0.30577665544340865,45,57083,,8.560061091643414,3.8066624897703196,8.70251025718999,
223,532400,1569.0,33100.0,-0.954043,418,4.355555555555556,0.28922404275005725,9,41528,8.0,6.035481432524756,2.1972245773362196,7.358193752733032,2.0794415416798357
224,574600,5352.0,151600.0,0.53294,7100,4.278181818181818,0.39010743106436574,55,92596,,8.867850063029406,4.007333185232471,8.585225601808064,
225,575600,1861.0,142300.0,0.409049,1957,3.546666666666667,0.17292081548517407,15,56771,,7.579167967396076,2.70805020110221,7.528869256642251,
227,506300,1860.0,60600.0,-0.88751,4675,4.116666666666666,0.2582183995377859,36,24327,52.0,8.449984441722787,3.58351893845611,7.528331766707247,3.9512437185814275
229,581900,4614.0,106200.0,0.135927,5031,4.214285714285714,0.3462783977636356,49,78587,,8.523374050491318,3.8918202981106265,8.4368504387337,
232,572800,5929.0,88600.0,-0.307112,2192,4.2457142857142856,0.3285090754549917,35,46349,,7.692569648067906,3.5553480614894135,8.687610843707368,
234,573800,5715.0,88100.0,-0.316509,21230,4.26984126984127,0.31678554510686313,126,42778,,9.963170554697301,4.836281906951478,8.65084957622891,
235,500700,4109.0,85800.0,-0.629579,2390,4.2176470588235295,0.25693139035098495,17,44184,184.0,7.779048644925556,2.833213344056216,8.32093496888341,5.214935757608986
237,545100,1026.0,59800.0,-0.997775,2012,4.352941176470588,0.26040522934944954,17,16458,49.0,7.60688453121963,2.833213344056216,6.933423025730715,3.8918202981106265
238,541100,2921.0,84800.0,-1.230312,1064,3.988,0.18205500375257824,25,22990,56.0,6.96979066990159,3.2188758248682006,7.979681302387741,4.02535169073515
239,536500,2097.0,75300.0,-0.544473,3114,3.891666666666667,0.18594250922358194,24,32500,66.0,8.043663352393944,3.1780538303479458,7.64826303090192,4.189654742026425
240,530400,1283.0,63000.0,-0.856336,2816,3.685714285714286,0.16261680701873774,7,17013,41.0,7.943072717277933,1.9459101490553132,7.1569563646156364,3.713572066704308
241,536700,1055.0,61500.0,-0.67979,940,4.154545454545455,0.23283629700070166,11,34211,43.0,6.84587987526405,2.3978952727983707,6.961296045910167,3.7612001156935624
242,502700,2359.0,,,4925,4.1425,0.23819633933034665,40,28073,74.0,8.502079553606189,3.6888794541139363,7.765993079407675,4.30406509320417
244,580100,1920.0,104800.0,0.42228,6112,4.189130434782609,0.2686489228684001,46,53393,,8.718009330846357,3.828641396489095,7.560080465021827,
245,543300,3315.0,,,2101,4.174074074074074,0.27621016420980493,27,47619,30.0,7.650168700845001,3.295836866004329,8.106212902619962,3.4011973816621555
246,506400,842.0,48700.0,-0.998416,1227,4.019047619047619,0.23510938106028262,21,16454,48.0,7.112327444710911,3.044522437723423,6.7357800142423265,3.871201010907891
250,554500,2766.0,77800.0,-0.182889,5758,4.092499999999999,0.28982097960280007,40,37188,,8.65834547117212,3.6888794541139363,7.925157512224703,
252,571600,1929.0,111200.0,0.095405,13826,4.2444444444444445,0.3248827821293472,63,56250,,9.53430615650521,4.143134726391533,7.564757012905729,
254,552300,4656.0,64200.0,-1.029343,8987,4.3,0.2842053962087242,66,45739,,9.103534367658373,4.189654742026425,8.445911989411274,
255,577800,5173.0,90100.0,-0.126499,10564,4.131818181818182,0.2904700353050834,66,74810,,9.265207273417023,4.189654742026425,8.551208070003515,
260,576500,3901.0,135600.0,0.477838,4509,4.381395348837209,0.36054364245613557,43,119205,,8.413830678421084,3.7612001156935624,8.268988209506656,
261,539500,2921.0,93200.0,-0.703043,5477,3.9486486486486485,0.19953749898785408,37,87761,99.0,8.608312784783722,3.6109179126442243,7.979681302387741,4.59511985013459
265,503100,2996.0,73000.0,-0.595337,4571,4.103846153846154,0.2565702097580528,26,38884,119.0,8.427487278331744,3.258096538021482,8.005033344637111,4.77912349311153
267,577500,3591.0,86200.0,-0.047003,3838,4.247727272727273,0.2988369561882831,44,62417,,8.252706676567644,3.784189633918261,8.186185994226083,
268,551400,4431.0,102100.0,0.232376,12138,4.0508771929824565,0.20663576559836908,57,50224,,9.4040963063958,4.04305126783455,8.39638057119949,
270,502600,3321.0,,,1639,4.135,0.25226764286221515,20,19891,90.0,7.40184157874383,2.995732273553991,8.108021221376747,4.499809670330265
271,552100,5760.0,62400.0,-0.837378,2554,4.451612903225806,0.31855364217361165,31,30735,,7.845416036592485,3.4339872044851463,8.658692753689937,
277,506500,1963.0,72700.0,-0.898234,569,4.154545454545455,0.21036093832245537,11,39141,42.0,6.343880434126331,2.3978952727983707,7.5822291942764615,3.7376696182833684
279,546100,3952.0,60700.0,-0.667223,2054,4.194117647058824,0.333557339361898,17,26667,80.0,7.627544390488503,2.833213344056216,8.281977058867758,4.382026634673881
280,542100,4547.0,87600.0,-0.494808,5702,4.153846153846154,0.2587401631819629,26,32154,73.0,8.648572269472618,3.258096538021482,8.42222295382501,4.290459441148391
281,539000,2769.0,70300.0,-0.65379,3663,4.12,0.28227234424220515,30,34519,52.0,8.206037762778815,3.4011973816621555,7.926241523170962,3.9512437185814275
282,508000,1098.0,24000.0,-1.488508,21811,3.9431372549019605,0.22456067644747488,51,20259,29.0,9.990169708671852,3.9318256327243257,7.001245622069476,3.367295829986474
285,576100,6260.0,105100.0,-0.022002,15598,4.298484848484848,0.3215625762443549,66,59102,,9.654897979890443,4.189654742026425,8.741935464094144,
286,506600,2713.0,62200.0,-1.173951,1911,4.172222222222222,0.17632809746603711,18,33097,74.0,7.555381944240273,2.8903717578961645,7.905810312658931,4.30406509320417
287,583800,4540.0,132500.0,0.137917,10320,4.08918918918919,0.24070151727223524,37,83347,,9.241839039035554,3.6109179126442243,8.420682291035394,
291,522800,1186.0,,,2337,4.294444444444444,0.2691194592524695,18,58750,38.0,7.756623334538858,2.8903717578961645,7.078341579557671,3.6375861597263857
292,534300,1087.0,52300.0,-1.325924,2759,4.061904761904762,0.22282063703704427,21,36742,41.0,7.922623574217286,3.044522437723423,6.99117688712121,3.713572066704308
294,571800,3640.0,122500.0,0.235965,10161,4.2325,0.3053451244154278,40,52396,,9.22631214148588,3.6888794541139363,8.199738960630786,
295,501500,4056.0,85200.0,-0.398292,1844,4.111764705882353,0.17816386586251726,17,37885,134.0,7.519692404116539,2.833213344056216,8.30795254527102,4.897839799950911
297,583400,4987.0,92300.0,-0.10463,12791,4.298148148148148,0.32187118702932027,54,75527,,9.456497077599392,3.9889840465642745,8.514589805546123,
300,573300,4463.0,113600.0,-0.366048,8061,4.283333333333333,0.296050405502481,48,56217,,8.9947928972836,3.871201010907891,8.40357646462927,
301,541400,2642.0,81600.0,-0.307586,4483,3.913333333333333,0.19699212496756838,30,41533,49.0,8.40804774415544,3.4011973816621555,7.879291485082271,3.8918202981106265
302,572600,5439.0,91200.0,-0.077163,8504,4.054545454545455,0.2686321905513949,33,58667,,9.048291920021784,3.4965075614664802,8.60135049942296,
303,538100,2136.0,131500.0,-0.207758,2702,4.438095238095238,0.36972763394380115,21,88500,24.0,7.9017475185201445,3.044522437723423,7.666690200080086,3.1780538303479458
307,577400,3613.0,90500.0,-0.129306,6242,4.094594594594595,0.2831454434735235,37,57386,,8.739055922830724,3.6109179126442243,8.19229373114764,
308,517300,2131.0,204900.0,-1.305329,5771,4.423076923076923,0.3304986444786074,26,36940,86.0,8.660600654710967,3.258096538021482,7.664346632098617,4.454347296253507
309,500200,3037.0,85000.0,-0.561452,3574,4.044,0.23978185200736613,25,48415,84.0,8.181440695719374,3.2188758248682006,8.01862546504575,4.430816798843313
310,516700,3218.0,85400.0,-1.096034,814,4.292857142857143,0.25621471355749825,14,22083,46.0,6.70196036600254,2.6390573296152584,8.076515327552329,3.828641396489095
312,553000,918.0,51000.0,-1.053641,8494,4.124137931034483,0.22905660215199022,58,8594,,9.047115310873217,4.060443010546419,6.822197390620491,
315,555300,3402.0,83700.0,-0.012178,7390,4.198,0.282546911438116,50,41131,,8.907883013942248,3.912023005428146,8.132118772955806,
316,581500,2385.0,104100.0,0.291829,5439,4.2176470588235295,0.32234902294669654,34,65856,,8.60135049942296,3.5263605246161616,7.776954403322442,
317,534800,2205.0,,,2446,4.093333333333333,0.20040409421721167,30,29074,69.0,7.802209316247118,3.4011973816621555,7.6984827878809465,4.23410650459726
319,577000,4419.0,81400.0,-0.3131,8079,3.973684210526316,0.23479815319335356,38,48077,,8.997023381479709,3.6375861597263857,8.39366870513074,
320,514100,1732.0,51100.0,-1.378032,909,4.088888888888889,0.2656122223605279,9,27833,53.0,6.812345094177479,2.1972245773362196,7.4570320891223805,3.970291913552122
323,541000,3775.0,69100.0,-0.994694,3139,4.175,0.22320287036584843,32,47961,82.0,8.051659556841953,3.4657359027997265,8.236155661683124,4.406719247264253
324,536900,3374.0,81700.0,-0.648366,5918,4.208888888888889,0.26300011310637966,45,35938,86.0,8.685753832960154,3.8066624897703196,8.123854263105914,4.454347296253507
326,575200,4389.0,106100.0,0.285578,5849,4.035714285714286,0.29742490397140087,14,68750,,8.674025985443025,2.6390573296152584,8.386856689688234,
328,510600,5499.0,55600.0,-0.918748,2394,4.2631578947368425,0.2842530994124956,19,23171,42.0,7.780720886117918,2.9444389791664403,8.612321536507814,3.7376696182833684
331,573400,5706.0,124700.0,-0.11726,8991,4.059183673469388,0.2937202574461658,49,39922,,9.103979355984773,3.8918202981106265,8.649273531773446,
334,525900,2610.0,,,5165,4.188888888888889,0.23037285323503387,45,34632,66.0,8.549660381553739,3.8066624897703196,7.867105500316739,4.189654742026425
337,574700,4979.0,145000.0,0.441287,4965,4.248,0.3436387421008642,25,96250,,8.510168576479273,3.2188758248682006,8.512984346642183,
338,538600,4758.0,98900.0,-0.38554,3179,4.297058823529412,0.33025049382502153,34,58750,65.0,8.064321960910803,3.5263605246161616,8.467582690862903,4.174387269895637
339,540800,2110.0,83700.0,-0.468828,2329,4.052631578947368,0.21072794859155072,19,54901,38.0,7.753194269884341,2.9444389791664403,7.6544432264701125,3.6375861597263857
340,545500,3878.0,61900.0,-0.987392,4061,4.2575,0.27426932535934595,40,25529,90.0,8.309184527686298,3.6888794541139363,8.263074835802596,4.499809670330265
341,554800,3611.0,119900.0,-0.072281,13648,4.1245901639344265,0.3192926090173078,61,97500,10.0,9.52134826973146,4.110873864173311,8.191740021277457,2.302585092994046
342,505400,1927.0,56200.0,-1.273659,2596,4.120833333333334,0.21298987245427944,24,40777,116.0,7.86172707782398,3.1780538303479458,7.563719668414366,4.7535901911063645
344,536300,2736.0,59600.0,-0.781478,1579,4.3478260869565215,0.2725545306918286,23,39044,85.0,7.364547014255642,3.1354942159291497,7.914252278742441,4.442651256490317
345,513200,1504.0,51200.0,-0.838663,1514,4.493333333333334,0.2740234572654024,15,34500,21.0,7.322510433997394,2.70805020110221,7.315883504509785,3.044522437723423
347,511900,1559.0,62500.0,-1.389126,11410,4.143636363636364,0.25402545543169686,55,42679,65.0,9.342245442856122,4.007333185232471,7.351799869057777,4.174387269895637
348,584300,2054.0,130500.0,-0.046314,8581,4.15483870967742,0.2816808988242621,62,60000,,9.057305735807121,4.127134385045092,7.627544390488503,
349,506700,1023.0,66200.0,-0.749324,2530,3.91875,0.28405167108401347,16,36691,24.0,7.835974581721566,2.772588722239781,6.930494765951626,3.1780538303479458
352,551100,5347.0,283700.0,0.909993,645,3.825,0.2805863535062802,8,152727,,6.4692503167957724,2.0794415416798357,8.584290934948731,
353,540100,3201.0,76600.0,-0.625552,3068,4.09375,0.23891109187857312,16,26250,76.0,8.028781162487148,2.772588722239781,8.071218539969863,4.330733340286331
354,554900,3352.0,108300.0,0.029978,331,4.111111111111111,0.2140290413791921,9,60341,,5.802118375377063,2.1972245773362196,8.117312461601975,
356,985300,220.0,0.0,-1.972145,9423,3.9846153846153842,0.24956705734416176,26,36985,15.0,9.150908788206756,3.258096538021482,5.393627546352362,2.70805020110221
357,514500,861.0,38500.0,-1.110505,69,4.75,0.28731076754385965,4,20119,24.0,4.23410650459726,1.3862943611198906,6.7580945044277305,3.1780538303479458
358,509000,1975.0,,,5853,4.270588235294118,0.27039887076946784,34,30000,93.0,8.67470962929122,3.5263605246161616,7.5883236773352225,4.532599493153256
359,545600,5319.0,66600.0,-0.866901,5594,4.284090909090909,0.31633750940249183,44,31071,44.0,8.629449873761905,3.784189633918261,8.579040594742317,3.784189633918261
362,507500,2221.0,54200.0,-0.941789,3372,3.9952380952380957,0.21655116238983213,21,29464,76.0,8.123261319121745,3.044522437723423,7.7057128238944275,4.330733340286331
365,524200,4366.0,67000.0,-1.038219,6440,4.3963636363636365,0.2666911828456264,55,27130,27.0,8.770283819098399,4.007333185232471,8.38160253710989,3.295836866004329
366,552400,3524.0,55000.0,-0.918648,4230,4.269230769230769,0.27319026327329365,26,44583,,8.349957272040324,3.258096538021482,8.16735198705607,
367,526100,2753.0,69600.0,-0.885702,629,3.85,0.17923752192279332,6,22292,19.0,6.444131256700441,1.791759469228055,7.920446505142607,2.9444389791664403
368,541500,3625.0,108200.0,-0.293781,3540,3.7066666666666666,0.19088845885489517,15,34201,29.0,8.17188200612782,2.70805020110221,8.195609567288775,3.367295829986474
369,550700,5817.0,232600.0,0.90956,7535,4.228205128205128,0.3449201665920635,39,144795,,8.927314111060596,3.6635616461296463,8.668539943910762,
371,573000,3340.0,217000.0,0.476562,4312,4.244,0.3133704131435601,25,110625,,8.369157112588834,3.2188758248682006,8.113726085970747,
374,538500,5184.0,108100.0,-0.380464,5404,4.324137931034483,0.26530964138627405,29,42500,113.0,8.59489469908009,3.367295829986474,8.55333223803211,4.727387818712341
375,523300,2914.0,54000.0,-0.891503,8097,4.386111111111111,0.3099765178748662,36,38951,33.0,8.999248901686114,3.58351893845611,7.97728198675515,3.4965075614664802
376,538200,1972.0,310600.0,0.185852,4903,4.266666666666667,0.36855794393429736,30,161250,30.0,8.497602541651233,3.4011973816621555,7.586803535162581,3.4011973816621555
377,584200,3619.0,118000.0,-0.687044,6951,3.9825000000000004,0.2757440925608713,40,49236,,8.846640813100485,3.6888794541139363,8.193953023563742,
378,543000,1778.0,152800.0,0.253814,4861,4.317948717948718,0.3455084681827253,39,59521,43.0,8.488999457045455,3.6635616461296463,7.48324441607385,3.7612001156935624
379,540600,3274.0,83500.0,-0.512275,1968,4.176923076923076,0.2762939931072602,13,46563,46.0,7.584773077612199,2.5649493574615367,8.09376775793108,3.828641396489095
380,523100,1336.0,44600.0,-1.012765,1851,4.1450000000000005,0.22403488139074126,20,25833,28.0,7.523481312573497,2.995732273553991,7.197435354096591,3.332204510175204
381,500900,3706.0,67500.0,-0.884419,1176,3.8272727272727276,0.17538879908018798,11,20233,125.0,7.069874128458572,2.3978952727983707,8.217708406845306,4.8283137373023015
382,551500,2441.0,104200.0,0.03246,577,4.2,0.27333472188966323,10,43487,,6.3578422665081,2.302585092994046,7.80016307039296,
383,501800,4117.0,94700.0,-0.165999,1542,4.252941176470588,0.2811005801644095,17,36992,52.0,7.340835554123275,2.833213344056216,8.322880021769905,3.9512437185814275
384,535000,2411.0,71700.0,-1.130909,1277,4.228571428571429,0.24788586837169388,21,35887,70.0,7.152268856032539,3.044522437723423,7.787796878181171,4.248495242049359
387,576600,4361.0,130500.0,0.5182,341,4.422222222222222,0.3547485548815814,9,90263,,5.831882477283517,2.1972245773362196,8.380456667842767,
388,578000,2668.0,96200.0,-0.026346,2272,4.177777777777778,0.31127165266538814,18,76438,,7.7284157798410416,2.8903717578961645,7.889084407035514,
389,518000,2280.0,144400.0,-0.594396,14737,4.467741935483871,0.3584270082664486,31,62697,70.0,9.598116617213263,3.4339872044851463,7.731930721948486,4.248495242049359
391,538300,2162.0,191200.0,-0.822489,2333,4.1466666666666665,0.30283185518993677,15,50239,69.0,7.75491027202143,2.70805020110221,7.6787889981991535,4.23410650459726
393,538800,1549.0,86200.0,-0.327597,1519,4.235714285714286,0.2647054265633332,14,52938,35.0,7.325807502595773,2.6390573296152584,7.3453648404168685,3.5553480614894135
394,537700,2874.0,86600.0,-0.671162,742,4.257142857142857,0.2264216935766468,7,47963,83.0,6.60934924316738,1.9459101490553132,7.96346006663897,4.418840607796598
396,522300,1193.0,44700.0,-1.246503,1181,4.126315789473685,0.22595052775416047,19,23482,63.0,7.074116816197362,2.9444389791664403,7.084226422097916,4.143134726391533
397,500300,2149.0,72800.0,-0.830523,3926,4.0,0.19361178101296614,20,43375,117.0,8.275376374836407,2.995732273553991,7.67275789664251,4.762173934797756
398,501000,2945.0,74300.0,-0.696658,545,4.044444444444444,0.17666336340016986,9,31951,101.0,6.300785794663244,2.1972245773362196,7.987864096085687,4.61512051684126
399,555500,3050.0,116800.0,0.152238,8365,4.086046511627907,0.263792744121323,43,61222,,9.031811613420924,3.7612001156935624,8.022896869601457,
401,544000,2534.0,71600.0,-0.388987,197,4.16,0.12261994324970131,5,42917,78.0,5.2832037287379885,1.6094379124341003,7.837554360881084,4.356708826689592
402,541700,2538.0,88600.0,-0.685106,2356,3.911764705882353,0.2706606474397583,17,31563,33.0,7.764720544771477,2.833213344056216,7.839131648274333,3.4965075614664802
403,584000,4670.0,113300.0,-0.176861,5604,4.231428571428571,0.3075726105877795,35,64375,,8.631235907456897,3.5553480614894135,8.448914350662942,
404,522000,1789.0,51900.0,-0.831418,1790,4.104347826086957,0.24371811888006203,23,25986,37.0,7.489970898834801,3.1354942159291497,7.489412083508719,3.6109179126442243
406,543100,2455.0,114300.0,-0.010785,1610,4.294117647058823,0.3354088968091657,17,50737,15.0,7.383989457978509,2.833213344056216,7.805882040228621,2.70805020110221
407,536200,2165.0,70800.0,-0.348572,3880,4.168,0.22583883987101738,25,47857,41.0,8.263590432617319,3.2188758248682006,7.68017564043659,3.713572066704308
409,500100,3996.0,80300.0,-0.759316,1564,4.192857142857142,0.2717772982866445,14,41362,76.0,7.355001921105257,2.6390573296152584,8.293049139768444,4.330733340286331
410,526200,3026.0,53900.0,-1.135323,1926,4.24,0.21567633700721398,10,40431,13.0,7.563200592358071,2.302585092994046,8.014996894348302,2.5649493574615367
411,579200,3060.0,54100.0,-1.11435,7251,4.3028571428571425,0.29194346178615593,35,45069,,8.888894669371593,3.5553480614894135,8.026170194946426,
415,580600,3105.0,118600.0,-0.085931,2623,4.377419354838709,0.3001121107904937,31,61152,,7.872073979866873,3.4339872044851463,8.040768994367578,
416,531200,2242.0,82900.0,-0.390602,334,4.333333333333333,0.28020811372269705,3,145278,43.0,5.811140992976701,1.0986122886681098,7.715123603632105,3.7612001156935624
418,577300,3386.0,85000.0,-0.176735,14612,4.074,0.24266901832268192,50,67554,,9.589598387915172,3.912023005428146,8.12740456269308,
419,530500,2253.0,94100.0,-0.836419,946,4.2625,0.299555757256551,8,37750,34.0,6.852242569051878,2.0794415416798357,7.720017940432244,3.5263605246161616
421,526300,3345.0,50000.0,-1.001476,1032,4.3999999999999995,0.22685479119126284,17,38448,21.0,6.939253946041508,2.833213344056216,8.11522197256233,3.044522437723423
422,519100,1037.0,,,2347,4.2631578947368425,0.291063791800724,19,26250,23.0,7.760893195851024,2.9444389791664403,6.9440872082295275,3.1354942159291497
423,503400,886.0,61800.0,-0.642034,3760,4.133333333333333,0.2052034130404691,21,34784,82.0,8.23217423638394,3.044522437723423,6.786716950605081,4.406719247264253
426,501400,3624.0,86400.0,-0.321899,7404,4.108510638297872,0.25213685685460896,47,49012,62.0,8.909775673693389,3.8501476017100584,8.19533366716287,4.127134385045092
427,539200,4863.0,83100.0,-0.245383,7064,4.094285714285714,0.2611449764777,35,37171,102.0,8.862766742283796,3.5553480614894135,8.489410810403786,4.624972813284271
428,554100,4247.0,75000.0,-0.04834,2195,4.2266666666666675,0.31057574611833694,15,50250,1.0,7.693937325509272,2.70805020110221,8.353968130313271,0.0
430,554600,3756.0,97800.0,-0.033501,1493,4.265,0.3379679880074967,20,80125,,7.30854279753919,2.995732273553991,8.231109840328154,
431,575500,4184.0,124900.0,0.285936,1490,4.3500000000000005,0.3744827589717037,12,63068,,7.306531398939505,2.4849066497880004,8.339023005744759,
433,985100,154.0,0.0,-0.761795,637,4.138461538461538,0.2964735563625027,13,53750,11.0,6.456769655572163,2.5649493574615367,5.0369526024136295,2.3978952727983707
434,579700,2966.0,65100.0,-0.719247,1438,4.183333333333334,0.2639792055347998,12,33676,,7.271008538280992,2.4849066497880004,7.994969522697877,
435,572500,1906.0,85700.0,-0.124115,894,4.115384615384615,0.2899132031591608,13,54938,,6.795705775173514,2.5649493574615367,7.552762084214147,
436,535300,3950.0,69600.0,-0.506253,3052,4.24375,0.2730929833945198,32,33277,96.0,8.023552392404348,3.4657359027997265,8.281470857895167,4.564348191467836
438,540900,3420.0,91600.0,-0.243811,9812,4.06764705882353,0.23617625726605126,34,53828,45.0,9.19136140537838,3.5263605246161616,8.13739583005665,3.8066624897703196
439,544100,2222.0,93100.0,-0.531418,1006,4.086666666666667,0.3046608931282654,15,27880,45.0,6.913737350659685,2.70805020110221,7.706162970199576,3.8066624897703196
440,583300,2562.0,88500.0,-0.027053,22942,4.024137931034483,0.24710163837716237,58,63523,,10.040724570841213,4.060443010546419,7.848543482456679,
441,507300,2285.0,48400.0,-0.942186,861,4.390909090909091,0.2999644373690277,11,39292,67.0,6.7580945044277305,2.3978952727983707,7.734121303328305,4.204692619390966
442,537000,3334.0,78200.0,-0.767665,1974,3.9428571428571426,0.19514253348513852,21,24931,91.0,7.587817219993427,3.044522437723423,8.111928063310739,4.51085950651685
443,501100,3328.0,75200.0,-1.356753,1403,4.311764705882353,0.29344890783553523,17,33189,128.0,7.246368080102461,2.833213344056216,8.1101268019411,4.852030263919617
444,525800,1781.0,48200.0,-0.967444,8541,4.084375,0.20418408754960554,32,38438,36.0,9.052633375946147,3.4657359027997265,7.484930283289661,3.58351893845611
445,533800,1921.0,,,878,4.1875,0.23247826250693074,8,24783,49.0,6.777646593635117,2.0794415416798357,7.560601162768557,3.8918202981106265
447,534200,2991.0,63300.0,-0.731493,416,4.2,0.20180132654892938,13,21167,88.0,6.030685260261263,2.5649493574615367,8.003363058629947,4.477336814478207
450,572900,2660.0,93000.0,0.163608,1902,4.172727272727273,0.2721913978631476,11,53707,,7.550661243105336,2.3978952727983707,7.886081401775745,
451,572700,4624.0,98600.0,0.143932,12520,4.164179104477612,0.286141721923308,67,67716,,9.43508264465409,4.204692619390966,8.439015410352214,
452,571000,2245.0,55800.0,-0.653772,41,3.733333333333333,0.07269619047619047,3,58162,,3.713572066704308,1.0986122886681098,7.716460800176355,
453,501200,1609.0,56800.0,-1.12909,217,4.42,0.24458868722463684,5,48393,60.0,5.37989735354046,1.6094379124341003,7.3833681469923835,4.0943445622221
457,535100,1717.0,74100.0,-0.424542,733,3.953333333333333,0.18893277577301246,15,32500,69.0,6.597145701886651,2.70805020110221,7.448333860897476,4.23410650459726
459,579600,3318.0,65700.0,-0.634232,330,4.336363636363637,0.23009239311450144,11,71852,,5.799092654460526,2.3978952727983707,8.10711747075039,
460,577600,4006.0,92800.0,-0.010388,991,4.522222222222222,0.3159928068337906,9,76250,,6.898714534329988,2.1972245773362196,8.295548516225763,
461,542200,3644.0,78700.0,-0.823676,1913,4.17,0.2340864815819979,10,24250,45.0,7.556427969440253,2.302585092994046,8.200837258379849,3.8066624897703196
462,539100,1788.0,59000.0,-0.797942,1519,4.2272727272727275,0.2341393616036412,11,34028,42.0,7.325807502595773,2.3978952727983707,7.488852955733459,3.7376696182833684
463,515400,1358.0,253000.0,0.081627,801,4.6,0.4600935282768142,15,106583,32.0,6.68586094706836,2.70805020110221,7.213768308118642,3.4657359027997265
464,531800,1500.0,50400.0,-0.934684,1344,4.066666666666666,0.18905038938335172,12,11167,46.0,7.203405521083095,2.4849066497880004,7.313220387090301,3.828641396489095
466,504400,1416.0,83200.0,-1.061096,325,4.16,0.20386726579396058,5,20048,64.0,5.783825182329737,1.6094379124341003,7.255591274253665,4.1588830833596715
468,579300,2430.0,66200.0,-1.065577,134,4.18,0.16322423391812865,5,19783,,4.897839799950911,1.6094379124341003,7.795646536334594,
469,531400,1518.0,62000.0,-1.173511,907,4.271428571428571,0.30296380309771653,7,34915,42.0,6.810142450115136,1.9459101490553132,7.325148957955575,3.7376696182833684
472,530200,3546.0,85000.0,-0.569479,4211,4.06875,0.23601621554882557,16,36667,53.0,8.345455428161928,2.772588722239781,8.173575486634153,3.970291913552122
473,516000,2235.0,56500.0,-1.207122,821,4.341176470588235,0.2588484926216557,17,50129,50.0,6.710523109452428,2.833213344056216,7.711996507047669,3.912023005428146
476,554700,3297.0,143300.0,-0.061879,2420,4.115384615384615,0.18766747917259063,13,104479,,7.791522819150732,2.5649493574615367,8.10076824307173,
477,501700,2218.0,65700.0,-1.328054,6762,4.171052631578948,0.274100612348831,38,30750,51.0,8.819073983267831,3.6375861597263857,7.704361167910313,3.9318256327243257
480,537200,583.0,69900.0,-0.484348,4033,4.091304347826087,0.226125227171416,23,16328,44.0,8.302265794873367,3.1354942159291497,6.368187186350492,3.784189633918261
481,542300,2255.0,83200.0,-0.606347,6559,4.008333333333334,0.2247036672070672,36,25557,58.0,8.788593431293735,3.58351893845611,7.720905251936779,4.060443010546419
484,537300,1987.0,72700.0,-0.653691,1235,4.055555555555555,0.20979441579316696,18,40875,50.0,7.118826249062078,2.8903717578961645,7.594381242551817,3.912023005428146
485,520400,1940.0,90000.0,-0.853299,6374,4.39,0.34972728757387084,30,35509,31.0,8.759982494977281,3.4011973816621555,7.570443252057374,3.4339872044851463
486,536100,3327.0,57800.0,-0.846574,2761,4.1000000000000005,0.2297894526153842,19,26750,62.0,7.923348211930154,2.9444389791664403,8.109826276018477,4.127134385045092
488,502000,1858.0,58500.0,-1.031841,1541,4.333333333333333,0.23796836142234354,12,34306,37.0,7.340186835320115,2.4849066497880004,7.527255919373784,3.6109179126442243
490,537100,1946.0,74100.0,-0.572163,2690,4.011111111111111,0.30355710017713455,27,30859,52.0,7.897296472595885,3.295836866004329,7.57353126274595,3.9512437185814275
491,546600,1996.0,81700.0,-0.723672,262,4.5,0.31202806861901694,4,31250,43.0,5.568344503761097,1.3862943611198906,7.59890045687141,3.7612001156935624
492,517100,1552.0,53400.0,-0.649669,635,4.1571428571428575,0.29507494282946584,7,54107,27.0,6.453624998892692,1.9459101490553132,7.347299700743164,3.295836866004329
493,505600,4078.0,,,1021,4.036363636363636,0.20509987568550087,11,38583,178.0,6.928537818164665,2.3978952727983707,8.3133619511344,5.181783550292085
495,535700,1313.0,81400.0,-0.893963,935,3.925,0.24194814306642068,8,40625,35.0,6.840546529288687,2.0794415416798357,7.180069874302796,3.5553480614894135
497,539700,2072.0,106600.0,-0.525702,2100,3.9894736842105263,0.17704579213848687,19,26563,38.0,7.649692623711514,2.9444389791664403,7.6362696033793735,3.6375861597263857
498,543900,785.0,80000.0,-1.379142,436,4.159999999999999,0.3182409400359697,5,26448,16.0,6.077642243349034,1.6094379124341003,6.665683717782408,2.772588722239781
499,527900,1835.0,,,293,4.5600000000000005,0.2969676222431309,10,22115,33.0,5.680172609017068,2.302585092994046,7.51479976048867,3.4965075614664802
500,511400,2005.0,51700.0,-0.771499,1142,4.311111111111111,0.330944885909606,18,31269,60.0,7.040536390215956,2.8903717578961645,7.60339933974067,4.0943445622221
501,551600,4237.0,78000.0,-0.304733,1056,4.13125,0.2275015221875426,16,29804,,6.962243464266207,2.772588722239781,8.351610750626559,
503,573100,4820.0,206100.0,0.244444,65,4.36,0.28165712121212116,5,73750,,4.174387269895637,1.6094379124341003,8.480529207044645,
504,555600,2687.0,113200.0,0.203929,254,4.5,0.4595368104522792,4,67361,,5.537334267018537,1.3862943611198906,7.8961806086154915,
505,523200,3247.0,64900.0,-0.686782,8947,4.208571428571429,0.2338135963143611,35,42697,34.0,9.099073559547596,3.5553480614894135,8.085486772102845,3.5263605246161616
507,501900,2490.0,98700.0,-0.827302,165,4.15,0.2181816690374585,4,21304,46.0,5.10594547390058,1.3862943611198906,7.820037989458753,3.828641396489095
508,533200,1104.0,57900.0,-0.951711,553,4.466666666666667,0.1933591437513973,3,9735,30.0,6.315358001522335,1.0986122886681098,7.00669522683704,3.4011973816621555
509,579100,1734.0,48000.0,-1.079004,816,4.08,0.22202383988083677,15,31823,,6.704414354964107,2.70805020110221,7.458186157340487,
511,513300,1971.0,90100.0,-0.858863,1704,4.438461538461539,0.2935917263731548,13,51771,19.0,7.440733707389261,2.5649493574615367,7.58629630715272,2.9444389791664403
512,546000,2925.0,70700.0,-0.828256,2379,4.066666666666666,0.22510336690241092,15,30708,69.0,7.774435510302958,2.70805020110221,7.981049759665957,4.23410650459726
514,543400,3132.0,90800.0,-0.543985,954,4.25,0.23187584220521937,6,46250,50.0,6.860663671448287,1.791759469228055,8.049427057110695,3.912023005428146
515,521800,1466.0,0.0,-0.775197,48,3.4,0.11615625,1,55952,19.0,3.871201010907891,0.0,7.290292882446597,2.9444389791664403
517,503300,3407.0,65900.0,-0.833442,1355,3.8083333333333336,0.1465857713174302,12,38917,150.0,7.2115567333138015,2.4849066497880004,8.133587417660966,5.0106352940962555
518,504000,1093.0,91100.0,-0.849255,78,4.266666666666667,0.23000977668845315,3,33087,29.0,4.356708826689592,1.0986122886681098,6.996681488176539,3.367295829986474
519,514200,1828.0,54300.0,-0.870422,1532,4.3,0.2243431767675115,11,97656,23.0,7.3343293503005365,2.3978952727983707,7.510977752014095,3.1354942159291497
520,538400,3330.0,191500.0,0.260376,5974,3.982142857142857,0.20742792086447956,28,74524,40.0,8.695171998776056,3.332204510175204,8.110727582974489,3.6888794541139363
521,541800,2533.0,91700.0,-0.460059,2412,4.15,0.23054422766603772,16,47912,61.0,7.788211557847076,2.772588722239781,7.837159650001675,4.110873864173311
523,537500,2714.0,85100.0,-0.76516,296,4.266666666666667,0.14339077727953636,6,31312,78.0,5.69035945432406,1.791759469228055,7.906178840394815,4.356708826689592
525,500800,2569.0,83100.0,-0.639033,177,4.4,0.26820792495711837,5,31510,61.0,5.176149732573829,1.6094379124341003,7.851271997109883,4.110873864173311
528,580300,2765.0,102000.0,0.152009,590,3.78,0.20870019349236896,10,77443,,6.380122536899765,2.302585092994046,7.9247959139564355,
529,503900,1730.0,49400.0,-1.086985,2688,3.983333333333333,0.2078040489482632,12,30326,34.0,7.89655270164304,2.4849066497880004,7.455876687491824,3.5263605246161616
531,500500,1507.0,53500.0,-0.764662,1611,4.04,0.14514086317094435,5,42333,77.0,7.384610383176974,1.6094379124341003,7.317876198626496,4.343805421853684
533,574800,4588.0,223500.0,0.742081,75,4.2,0.31226800000000005,1,120469,,4.31748811353631,0.0,8.431199478249262,
534,553200,572.0,62500.0,-1.185032,153,3.7400000000000007,0.21778322724445368,5,16074,2.0,5.030437921392435,1.6094379124341003,6.349138991379798,0.6931471805599453
535,550300,3541.0,356300.0,1.288308,599,4.633333333333333,0.37758453833164235,6,188750,,6.395261598115449,1.791759469228055,8.172164452111904,
537,533100,1388.0,76000.0,-1.049504,1436,4.175,0.23995436397947117,8,26726,34.0,7.269616749608169,2.0794415416798357,7.23561914106675,3.5263605246161616
539,572400,1512.0,89800.0,-0.251829,2011,3.776923076923077,0.23433626510712263,13,94375,,7.606387389772652,2.5649493574615367,7.321188556739478,
540,543700,1785.0,58400.0,-1.227472,1495,4.46,0.3266704144168842,5,19722,50.0,7.3098814858247865,1.6094379124341003,7.487173694213739,3.912023005428146
541,583500,2695.0,98800.0,0.153255,1889,4.4,0.3057914959983416,8,86987,,7.543802867501509,2.0794415416798357,7.899153483343097,
542,532700,558.0,62000.0,-1.427213,8,4.5,0.496625,1,26466,12.0,2.0794415416798357,0.0,6.324358962381311,2.4849066497880004
543,550100,3945.0,319300.0,0.893187,1220,4.577777777777778,0.368840474189237,9,100849,,7.106606137727303,2.1972245773362196,8.280204233279974,
544,533600,1390.0,51200.0,-0.773368,26,4.6,0.36963076923076926,1,30938,45.0,3.258096538021482,0.0,7.237059026124737,3.8066624897703196
546,571900,3035.0,131400.0,0.173564,541,4.25,0.27278778966379547,2,50231,,6.293419278846481,0.6931471805599453,8.017966703493599,
3,268000,,101600.0,-0.116042,6272,4.061224489795919,0.28307458680219655,49,48948,,8.743850562030243,3.8918202981106265,,
4,981901,,,,1557,4.016666666666667,0.1283335905504149,18,48137,,7.350516171833998,2.8903717578961645,,
5,574301,,,,19038,4.001818181818182,0.27611284703280287,55,47967,,9.854192260811251,4.007333185232471,,
6,571500,5226.0,113400.0,0.022303,4147,4.258823529411765,0.32356492629928923,34,51695,6.0,8.330140460246382,3.5263605246161616,8.561401446080557,1.791759469228055
7,173000,,93700.0,0.005361,14828,4.372549019607843,0.37037450912570746,102,51009,,9.604272564270623,4.624972813284271,,
8,175100,,76300.0,-0.388024,15809,4.098275862068966,0.28311523730345095,58,49301,,9.668334677096187,4.060443010546419,,
9,258100,,100200.0,-0.308161,5211,4.280851063829787,0.3568519349025341,47,51599,,8.558527054909215,3.8501476017100584,,
10,524001,,,,5870,4.216129032258064,0.20750384357241794,31,48850,36.0,8.677609912822142,3.4339872044851463,,3.58351893845611
11,984100,4.0,,,762,4.4714285714285715,0.24955796392767635,7,58096,,6.635946555686647,1.9459101490553132,1.3862943611198906,
15,160000,,175900.0,0.417248,5522,4.328846153846154,0.37632826984571577,52,62480,,8.6164953924901,3.9512437185814275,,
18,171000,,142700.0,0.328735,7629,4.345614035087719,0.3335190319845774,57,36974,,8.93971205409023,4.04305126783455,,
19,263600,,66900.0,-0.450145,9937,4.0864406779661016,0.30320022119637113,59,50240,27.0,9.204020443231363,4.07753744390572,,3.295836866004329
20,263900,,69400.0,-0.67329,4257,4.18125,0.3133803062386322,32,50264,,8.356319965828153,3.4657359027997265,,
21,264000,,77700.0,-0.471804,1521,4.1125,0.26154947244309906,24,50896,9.0,7.327123292259293,3.1780538303479458,,2.1972245773362196
24,511200,1188.0,51600.0,-0.983807,6001,4.447222222222222,0.36234872494948783,36,44241,35.0,8.699681400989514,3.58351893845611,7.080026499922591,3.5553480614894135
26,161900,,116800.0,0.373298,4973,4.0125,0.29233628917399124,40,56864,,8.511778558714738,3.6888794541139363,,
32,184200,,174100.0,0.437175,11460,4.139130434782609,0.36761200055292087,46,57956,,9.346617990268731,3.828641396489095,,
35,553800,1370.0,55100.0,-0.807076,2624,4.104166666666667,0.20593760196132105,24,49463,,7.8724551500639794,3.1780538303479458,7.222566018822171,
38,533400,2215.0,72300.0,-0.890928,2595,4.0200000000000005,0.20350477863639987,20,50181,40.0,7.861341795599989,2.995732273553991,7.703007682479236,3.6888794541139363
43,268400,,80200.0,-0.574694,15743,4.183146067415731,0.3078214275010053,89,50270,2.0,9.664151101014628,4.48863636973214,,0.6931471805599453
44,262800,,85300.0,0.049238,5250,4.098305084745763,0.2883336266302962,59,48414,,8.565983355585669,4.07753744390572,,
45,267600,,129500.0,0.259375,831,4.277777777777778,0.33593712074506915,18,51181,,6.7226297948554485,2.8903717578961645,,
52,251700,,114900.0,0.075492,8730,4.413793103448276,0.39017728984958605,58,51544,,9.074520648833648,4.060443010546419,,
53,535200,2019.0,50900.0,-1.067575,1953,4.04375,0.22983939477069748,16,50459,92.0,7.577121930876679,2.772588722239781,7.610357618312838,4.5217885770490405
55,263500,,73300.0,-0.115019,6872,4.129411764705882,0.29575577746495535,51,48833,,8.835210463664092,3.9318256327243257,,
56,258900,,84600.0,-0.357922,12937,4.068333333333333,0.2824574937226446,60,50500,8.0,9.467846701917901,4.0943445622221,,2.0794415416798357
59,262500,,107600.0,0.028433,4287,4.1068181818181815,0.24436352895113764,44,48657,,8.363342466597977,3.784189633918261,,
60,256600,,71000.0,-0.385014,7793,4.003174603174603,0.2732600232913767,63,49339,,8.96098117384356,4.143134726391533,,
61,184400,,169700.0,0.560643,23060,4.305555555555555,0.36875712971927627,108,56435,,10.04585479382305,4.68213122712422,,
65,540200,3183.0,55000.0,-0.625082,2244,4.252,0.2559161660174313,25,49705,91.0,7.716015266642587,3.2188758248682006,8.065579427282092,4.51085950651685
67,583001,,,,5740,4.1680851063829785,0.31103097740867824,47,48210,,8.655214489313613,3.8501476017100584,,
68,161600,,158800.0,0.155284,16871,3.9634328358208957,0.2669000624205152,134,51021,,9.733351450605975,4.897839799950911,,
69,262200,,131600.0,0.283646,1222,4.269230769230769,0.27040748632810757,13,49190,,7.108244139731541,2.5649493574615367,,
72,181600,,97200.0,-0.316374,5159,4.361016949152543,0.36800854460448895,59,49182,,8.54849804124465,4.07753744390572,,
74,181500,,108100.0,0.07317,4389,4.359375,0.3859075414565897,32,52037,,8.386856689688234,3.4657359027997265,,
76,539300,3793.0,107300.0,-0.100797,4937,4.2,0.24438055803887954,19,49312,57.0,8.504513138258863,2.9444389791664403,8.2409125416889,4.04305126783455
77,522500,1442.0,47100.0,-1.306866,15645,4.263999999999999,0.27914643446042114,50,49711,94.0,9.657906656102982,3.912023005428146,7.273786317844895,4.543294782270004
80,545200,2641.0,63900.0,-0.902017,2633,4.163157894736842,0.23277984239904273,19,49499,62.0,7.87587915949631,2.9444389791664403,7.878912912297133,4.127134385045092
86,268300,,71600.0,-0.522847,4692,4.135555555555555,0.24985999412596768,45,50898,7.0,8.453614209773367,3.8066624897703196,,1.9459101490553132
87,263400,,102900.0,0.089341,7134,4.104166666666667,0.2779847595022867,48,49522,,8.872627365918836,3.871201010907891,,
90,524101,,,,2165,4.2875,0.23513888035457894,24,48470,48.0,7.68017564043659,3.1780538303479458,,3.871201010907891
91,581101,,,,8252,3.9344827586206894,0.2670357326811224,58,48137,,9.018210874191142,4.060443010546419,,
94,175200,,84600.0,-0.211555,7746,4.201492537313433,0.28985107820746253,67,48440,,8.954931860074698,4.204692619390966,,
95,175300,,75800.0,-0.342741,4237,4.35,0.36222511738863494,36,49521,,8.351610750626559,3.58351893845611,,
99,576001,,,,3223,4.3500000000000005,0.2544127407782792,12,47116,,8.078067881815437,2.4849066497880004,,
101,161500,,137200.0,0.073262,7375,4.2326530612244895,0.3203518595938613,49,50530,,8.905851181208021,3.8918202981106265,,
103,175000,,78200.0,-0.410789,8372,4.301666666666667,0.32429283802819664,60,50503,,9.03264808356589,4.0943445622221,,
108,160800,,187900.0,0.272901,16583,4.064285714285714,0.27638270284226246,56,48729,,9.716133353214099,4.02535169073515,,
109,262300,,132700.0,0.003405,8900,3.994736842105263,0.22908911390119996,38,49156,,9.093806555720231,3.6375861597263857,,
114,161800,,140500.0,0.018378,13836,4.178481012658228,0.3033060024177084,79,48111,,9.53502917005706,4.3694478524670215,,
116,536800,1667.0,65800.0,-0.498933,1846,4.113333333333333,0.17092396031333956,15,49919,41.0,7.520776415062797,2.70805020110221,7.418780882750794,3.713572066704308
117,162500,,94900.0,-0.348015,3761,4.256410256410256,0.26641904768268776,39,49587,,8.232440158470336,3.6635616461296463,,
118,171600,,72400.0,-0.659598,8765,4.231578947368421,0.335700805852672,57,50919,,9.078521797355334,4.04305126783455,,
121,256500,,120300.0,0.072378,279,4.4363636363636365,0.3948567126096346,11,51804,,5.631211781821365,2.3978952727983707,,
122,505100,2888.0,75500.0,-0.939912,11745,4.161403508771929,0.25584594785636783,57,49323,98.0,9.371182897093012,4.04305126783455,7.968319500012717,4.584967478670572
123,258200,,93500.0,-0.353707,9890,4.218367346938775,0.33828785230844505,49,51678,,9.199279424616758,3.8918202981106265,,
124,258400,,83900.0,-0.20292,10798,4.0964912280701755,0.28691711403938647,57,49128,,9.287116210778231,4.04305126783455,,
129,256300,,109800.0,-0.338572,9613,3.9594594594594597,0.2043871158126709,37,50419,,9.170871628065816,3.6109179126442243,,
132,258300,,88300.0,-0.217621,3591,4.214705882352941,0.29134938690035145,34,49463,,8.186185994226083,3.5263605246161616,,
136,981700,0.0,,,163,3.6166666666666667,0.10828243990743991,6,60468,1.0,5.093750200806762,1.791759469228055,-inf,0.0
137,162100,,121400.0,-0.22177,8741,3.9431372549019605,0.26816077344628236,51,49523,,9.075779878580487,3.9318256327243257,,
138,171400,,117200.0,-0.049392,7568,3.959574468085106,0.23138141359480716,47,48716,,8.931684110731714,3.8501476017100584,,
139,268100,,88300.0,-0.232981,15653,4.072151898734177,0.28857328853393405,79,47951,,9.658417870888224,4.3694478524670215,,
143,184500,,237600.0,0.532912,46543,4.339784946236559,0.3850278945785109,186,62480,,10.748131895457767,5.225746673713202,,
144,540500,3466.0,77800.0,-0.419506,2525,4.029032258064516,0.20502496328864056,31,49765,50.0,7.83399634170946,3.4339872044851463,8.150756470275551,3.912023005428146
148,572100,7106.0,116000.0,0.011082,16898,4.146428571428571,0.31692287456215484,84,49629,,9.73495055071279,4.430816798843313,8.868694776580972,
150,173600,,87300.0,-0.115316,4001,4.318181818181818,0.33216385436776985,33,51808,10.0,8.294299608857235,3.4965075614664802,,2.302585092994046
153,183900,,155000.0,0.547853,848,3.866666666666667,0.33770104399312256,6,64893,,6.742880635791903,1.791759469228055,,
155,982500,0.0,,,459,3.9,0.247701085935323,11,54009,,6.129050210060545,2.3978952727983707,-inf,
157,172500,,90000.0,-0.697962,9200,4.02093023255814,0.24749256837340816,43,50052,,9.126958763037132,3.7612001156935624,,
160,256000,,103600.0,-0.071352,2283,4.195,0.23561494343826794,20,49180,,7.733245646529795,2.995732273553991,,
161,261800,,129100.0,0.255156,2763,4.0375,0.2681178614162416,16,51286,,7.924072324923417,2.772588722239781,,
171,262700,,119900.0,0.105935,8478,3.8766666666666665,0.2246739339832173,30,50990,,9.045229851912582,3.4011973816621555,,
172,162200,,102000.0,-0.511381,5916,4.146938775510204,0.27356954182738313,49,49903,,8.68541582383069,3.8918202981106265,,
176,171500,,117100.0,-0.230208,14410,4.101388888888889,0.2809021741734845,72,47995,,9.575677688993569,4.276666119016055,,
177,184000,,212900.0,0.740455,1708,4.488888888888889,0.42233009906733243,18,61615,,7.443078374348516,2.8903717578961645,,
186,983902,,,,1373,3.973076923076923,0.22796370798787255,26,48137,,7.224753405767971,3.258096538021482,,
188,161400,,174200.0,0.111039,5976,4.165116279069768,0.29956375609122515,43,50433,,8.695506726812653,3.7612001156935624,,
189,584501,,,,14580,4.153333333333333,0.2673459509858459,45,48137,,9.587406005562649,3.8066624897703196,,
190,173400,,128000.0,0.105259,25387,4.382352941176471,0.3715165569877544,119,52355,,10.141992510963037,4.77912349311153,,
191,262400,,128400.0,-0.155002,4694,4.1875,0.27081882657724515,32,49497,,8.454040376410969,3.4657359027997265,,
192,553100,1295.0,70700.0,-0.851005,1581,4.292307692307692,0.2849847135315359,13,49228,,7.365812837209472,2.5649493574615367,7.166265974133638,
195,256200,,82700.0,-0.171592,3168,4.316,0.32974922194783174,25,50426,,8.060855752934316,3.2188758248682006,,
196,575401,,,,3793,4.469444444444445,0.39657125281651645,36,54739,,8.2409125416889,3.58351893845611,,
205,535600,3727.0,94900.0,-0.310827,1266,4.325,0.2591400596299313,12,50099,37.0,7.143617602704121,2.4849066497880004,8.223358899479258,3.6109179126442243
206,162400,,119200.0,0.200063,7688,4.2219999999999995,0.2746865438090389,50,51567,,8.947415950650129,3.912023005428146,,
211,258800,,105200.0,0.11766,4876,4.139024390243902,0.28625105428876085,41,52128,7.0,8.492080490601163,3.713572066704308,,1.9459101490553132
214,507000,2720.0,68500.0,-1.095517,1894,4.33125,0.22485388438506002,16,49994,64.0,7.546446273746024,2.772588722239781,7.908387159290043,4.1588830833596715
217,173100,,97300.0,-0.370169,17632,4.337735849056604,0.3410619587136603,53,51184,,9.777470711952642,3.970291913552122,,
218,263800,,66800.0,-0.537826,7080,4.163461538461538,0.2814274879719442,52,50579,5.0,8.865029186687766,3.9512437185814275,,1.6094379124341003
220,162300,,132000.0,0.189946,3253,4.241666666666666,0.28800400300806733,36,53844,1.0,8.087332926473351,3.58351893845611,,0.0
226,161700,,145900.0,0.251559,3188,4.111764705882353,0.3291323474961544,34,53465,,8.067149039910106,3.5263605246161616,,
228,546201,,,,409,3.888888888888889,0.261349248895699,9,52351,27.0,6.013715156042802,2.1972245773362196,,3.295836866004329
230,184300,,146800.0,0.574853,2080,4.405882352941177,0.34896337926353227,17,56420,,7.640123172695364,2.833213344056216,,
231,252100,,101400.0,0.177209,2745,4.473333333333333,0.4120524384423521,15,51722,,7.917536353943631,2.70805020110221,,
233,172400,,0.0,-0.086678,3876,4.1571428571428575,0.268921944271494,28,49438,,8.262558973010657,3.332204510175204,,
236,516900,2111.0,63800.0,-0.65278,855,4.279999999999999,0.22904146588614055,10,50002,42.0,6.75110146893676,2.302585092994046,7.65491704784832,3.7376696182833684
243,530100,2336.0,53400.0,-0.975777,331,4.36,0.21243270736779563,10,50841,43.0,5.802118375377063,2.302585092994046,7.756195343948118,3.7612001156935624
247,161100,,163600.0,-0.133353,6169,4.050980392156863,0.3006354178662008,51,48967,,8.72729202920964,3.9318256327243257,,
248,263700,,84400.0,-0.56146,12637,4.10943396226415,0.25725086092815996,53,50977,9.0,9.444384297758681,3.970291913552122,,2.1972245773362196
249,983600,9.0,,,1835,4.062962962962963,0.18001941068184849,27,50811,1.0,7.51479976048867,3.295836866004329,2.1972245773362196,0.0
251,574203,,,,2517,3.8444444444444446,0.26699587627406035,18,47895,,7.830822995135316,2.8903717578961645,,
253,983800,0.0,,,18135,4.445945945945946,0.20882633803842246,37,49488,,9.805599051717003,3.6109179126442243,-inf,
256,258700,,86300.0,-0.239274,2694,4.43448275862069,0.35810811634900486,29,50159,,7.898782356970309,3.367295829986474,,
257,545700,2925.0,73900.0,-0.752856,10133,3.893333333333333,0.2044498867423115,15,50000,51.0,9.223552703448318,2.70805020110221,7.981049759665957,3.9318256327243257
258,261900,,127700.0,0.082013,8604,4.014814814814815,0.28302042353493984,27,48869,,9.05998249038762,3.295836866004329,,
259,171300,,115000.0,-0.040366,5748,3.7911764705882356,0.20780428035123297,34,48905,,8.656607247198915,3.5263605246161616,,
262,985200,3.0,0.0,-0.322127,5672,3.8857142857142852,0.14379251141446994,21,49752,21.0,8.643297068211963,3.044522437723423,1.0986122886681098,3.044522437723423
263,501300,3078.0,67700.0,-0.96067,622,4.146153846153846,0.2052312294665149,13,50289,75.0,6.432940092739179,2.5649493574615367,8.032035314398824,4.31748811353631
264,187000,,254000.0,0.64852,1813,4.5375000000000005,0.36886087416549024,24,55569,,7.502738210754851,3.1780538303479458,,
266,181300,,112700.0,-0.054149,5872,4.193181818181818,0.33221746540018215,44,49900,,8.677950570294351,3.784189633918261,,
269,255900,,81100.0,-0.331427,4725,4.484210526315789,0.3761528982505851,19,48692,,8.460622839927844,2.9444389791664403,,
272,170300,,147200.0,0.701467,3185,4.451612903225806,0.38854165539366037,31,61615,,8.066207568006265,3.4339872044851463,,
273,251800,,122200.0,0.086935,8337,4.295121951219512,0.31205423567360696,41,49520,,9.028458718410613,3.713572066704308,,
274,258600,,92300.0,-0.438627,10477,4.23,0.28555067906075576,60,50175,5.0,9.256937657352966,4.0943445622221,,1.6094379124341003
275,251300,,123600.0,0.320463,1074,4.458333333333333,0.37293271480849194,12,34839,,6.97914527506881,2.4849066497880004,,
276,983700,0.0,,,1989,3.7458333333333336,0.15073309697624945,24,50582,,7.5953872788539725,3.1780538303479458,-inf,
278,264200,,68800.0,-0.490866,3908,4.139130434782609,0.2591656860267625,23,50844,23.0,8.270781013162674,3.1354942159291497,,3.1354942159291497
283,173200,,188600.0,0.33475,19249,4.362,0.38657465728243134,100,53132,,9.865214390314636,4.605170185988092,,
284,173300,,117800.0,0.305521,5049,4.316666666666666,0.3056305538906479,6,49272,,8.526945482858915,1.791759469228055,,
288,188100,,273500.0,1.05926,518,4.0625,0.26541123505717257,8,75517,,6.249975242259483,2.0794415416798357,,
289,161000,,163200.0,-0.026352,10005,4.002777777777777,0.2589467536653187,36,48851,,9.210840247017833,3.58351893845611,,
290,181400,,113400.0,0.095025,4537,4.408571428571429,0.4004248920966491,35,52615,,8.420021279663963,3.5553480614894135,,
293,524500,83.0,61100.0,-1.062642,4327,4.025,0.23824109706220348,28,50504,7.0,8.372629740224884,3.332204510175204,4.418840607796598,1.9459101490553132
296,986600,0.0,,,56,3.5,0.18733830409356725,2,60239,,4.02535169073515,0.6931471805599453,-inf,
298,519300,1208.0,,,1546,4.184210526315789,0.24332778904788077,19,51905,36.0,7.343426229147367,2.9444389791664403,7.0967213784947605,3.58351893845611
299,251900,,106000.0,0.238674,8887,4.343076923076923,0.36506339310828717,65,53572,,9.092344813738475,4.174387269895637,,
304,161200,,150500.0,0.325168,2879,4.366666666666666,0.31990006049585357,18,36644,,7.965198290612176,2.8903717578961645,,
305,530800,1394.0,52100.0,-1.466387,3662,4.111111111111111,0.2337741355674263,27,49586,48.0,8.205764725234456,3.295836866004329,7.2399325913204695,3.871201010907891
306,579501,,,,1451,4.411764705882353,0.2742957145798283,17,47116,,7.280008252884188,2.833213344056216,,
311,184100,,188100.0,0.391176,13253,4.487755102040817,0.4016228838365803,49,57113,,9.491979220880678,3.8918202981106265,,
313,262900,,83100.0,-0.186162,3085,4.142424242424242,0.265328290282034,33,49435,,8.034306936339489,3.4965075614664802,,
314,258000,,97300.0,0.011007,7089,4.171794871794871,0.2840786637911572,39,48497,,8.866299565855018,3.6635616461296463,,
318,982400,99.0,,,20166,4.0864864864864865,0.20645089297882568,74,50582,,9.91175329695316,4.30406509320417,4.59511985013459,
321,258500,,118700.0,0.053887,1595,4.124,0.29155949192876857,25,49038,,7.374629015218945,3.2188758248682006,,
322,531100,946.0,89800.0,-1.128829,1093,4.461538461538462,0.2720683951589733,13,46689,22.0,6.996681488176539,2.5649493574615367,6.852242569051878,3.091042453358316
325,583101,,,,2290,4.3315789473684205,0.2924261963712905,19,47189,,7.736307096548285,2.9444389791664403,,
327,262600,,124900.0,-0.062329,16790,4.081818181818182,0.27305935150514127,55,48086,,9.728538750071586,4.007333185232471,,
329,543200,3008.0,81500.0,-0.346717,10498,4.182857142857143,0.26527607101541084,35,49183,72.0,9.258940041812245,3.5553480614894135,8.00903068506973,4.276666119016055
330,540700,3193.0,61700.0,-0.483171,1957,4.126666666666667,0.23599225170141716,15,50049,68.0,7.579167967396076,2.70805020110221,8.068716192714781,4.219507705176107
332,515700,4618.0,78300.0,-0.38765,1533,4.050000000000001,0.21055537936779922,18,51267,7.0,7.334981878871814,2.8903717578961645,8.43771698991444,1.9459101490553132
333,162000,,161200.0,0.455343,10802,4.267741935483872,0.3791276087457475,62,62480,,9.287486581152837,4.127134385045092,,
335,188001,,,,632,4.53125,0.4964932459859833,16,55889,,6.448889394146858,2.772588722239781,,
336,552801,,,,9454,4.2309090909090905,0.2147037311493924,55,46975,,9.154193211353181,4.007333185232471,,
343,537600,3365.0,75400.0,-0.552991,2160,3.9952380952380957,0.17123328864186485,21,49511,59.0,7.67786350067821,3.044522437723423,8.121183242078828,4.07753744390572
346,513700,2982.0,76600.0,-0.923949,8283,4.242222222222223,0.2825529249932021,45,48787,47.0,9.021960500598263,3.8066624897703196,8.000349495324684,3.8501476017100584
350,540400,2632.0,95600.0,-0.517123,6066,4.141379310344828,0.1999766116868205,29,49380,55.0,8.710454688248527,3.367295829986474,7.875499292445208,4.007333185232471
351,983901,,,,2317,3.9499999999999997,0.19985563581864094,14,48137,,7.748028524432376,2.6390573296152584,,
355,170400,,154100.0,0.688499,8241,4.3,0.34735189816714956,26,60267,,9.016876974763383,3.258096538021482,,
360,573501,,,,12545,4.161764705882353,0.2546060498035784,68,48366,3.0,9.437077458800523,4.219507705176107,,1.0986122886681098
361,514300,2163.0,33100.0,-1.147191,3346,4.125925925925926,0.24679729627252162,27,49936,51.0,8.11552088154677,3.295836866004329,7.679251425953058,3.9318256327243257
363,981902,,,,52161,4.15,0.2608027074737979,102,48137,,10.862090368195899,4.624972813284271,,
364,553601,,,,2204,3.9578947368421056,0.21147627187389484,19,47996,,7.698029170272805,2.9444389791664403,,
370,251500,,125200.0,0.400755,5339,4.242857142857143,0.3343051969760396,35,57826,,8.582793648500186,3.5553480614894135,,
372,255800,,95300.0,-0.146908,6727,4.327777777777778,0.30260236844113275,18,49517,,8.813884558025606,2.8903717578961645,,
373,256700,,103100.0,-0.079988,3381,4.343478260869565,0.37579127763308795,23,52638,,8.125926802707886,3.1354942159291497,,
385,531501,,,,788,3.95,0.19230233336198752,8,51132,32.0,6.669498089857879,2.0794415416798357,,3.4657359027997265
386,530300,1341.0,73300.0,-1.259262,3713,4.251612903225807,0.22165869998316332,31,49523,59.0,8.21959545417708,3.4339872044851463,7.201170883281678,4.07753744390572
390,546301,,,,834,4.111111111111111,0.25157415250521226,9,48924,25.0,6.726233402358747,2.1972245773362196,,3.2188758248682006
392,513900,1556.0,48000.0,-1.199247,107,4.225,0.2424614055470673,4,50745,31.0,4.672828834461906,1.3862943611198906,7.349873704738337,3.4339872044851463
395,531700,1645.0,51800.0,-1.463124,2067,4.05,0.24105260068750461,16,51149,91.0,7.633853559681768,2.772588722239781,7.405495663199472,4.51085950651685
400,573702,,,,10840,4.191525423728813,0.32167708966047415,59,47417,,9.290998274993637,4.07753744390572,,
405,171100,,125800.0,0.102692,162,4.300000000000001,0.3416474109014675,4,55860,,5.087596335232384,1.3862943611198906,,
408,985800,0.0,,,2289,4.257142857142857,0.21988692556113795,7,57438,28.0,7.735870319952567,1.9459101490553132,-inf,3.332204510175204
412,573701,,,,3619,4.2125,0.2834843047155697,8,49352,,8.193953023563742,2.0794415416798357,,
413,251400,,124200.0,0.254447,1361,3.935294117647059,0.30301801451388605,17,52119,,7.215975002651466,2.833213344056216,,
414,581800,2665.0,101000.0,0.104189,2291,4.529999999999999,0.3973338826801037,20,50065,,7.736743682453495,2.995732273553991,7.887959336599945,
417,533300,1196.0,49100.0,-0.761447,209,4.35,0.2631814164086687,4,52162,34.0,5.342334251964811,1.3862943611198906,7.086737934510577,3.5263605246161616
420,161300,,111300.0,0.135679,1034,4.128571428571428,0.20911600785870338,14,50684,,6.9411900550683745,2.6390573296152584,,
424,160300,,140800.0,-0.26377,5197,3.92,0.31609690502145066,30,51652,,8.555836815008442,3.4011973816621555,,
425,985500,0.0,0.0,-0.518952,16564,4.396551724137931,0.23925713303955518,29,49965,,9.714986944665458,3.367295829986474,-inf,
429,536400,2145.0,53600.0,-0.914804,1669,4.1173913043478265,0.21124066888455142,23,50297,67.0,7.419979923661835,3.1354942159291497,7.6708948313621175,4.204692619390966
432,251200,,154500.0,0.064218,360,4.316666666666666,0.36853669386169385,6,53239,,5.886104031450156,1.791759469228055,,
437,522400,924.0,55200.0,-1.17068,6235,4.216666666666667,0.24970158373031312,18,49600,71.0,8.737933858114136,2.8903717578961645,6.828712071641684,4.2626798770413155
446,170200,,153700.0,0.510241,759,4.2,0.40253344186113976,12,62530,,6.63200177739563,2.4849066497880004,,
448,984200,0.0,,,5012,3.71,0.14840787702471359,10,50811,4.0,8.51959031601596,2.302585092994046,-inf,1.3862943611198906
449,263200,,72600.0,-0.460844,6220,4.031818181818182,0.2817709065697225,44,49821,,8.735525185733225,3.784189633918261,,
454,262100,,89000.0,-0.158462,2574,3.845833333333333,0.21812256283355255,24,50066,,7.853216388156072,3.1780538303479458,,
455,173500,,117400.0,0.124578,14053,4.226153846153846,0.3212401600663408,65,52286,,9.550591175100745,4.174387269895637,,
456,184600,,160500.0,0.480721,3260,4.375,0.3282240059354587,24,56963,,8.089482474360754,3.1780538303479458,,
458,987000,7.0,,,1113,3.814285714285714,0.10825016786699429,14,50582,,7.014814351275545,2.6390573296152584,1.9459101490553132,
465,171200,,97600.0,-0.014722,2414,4.308695652173912,0.33266908672081685,23,50064,,7.789040401657477,3.1354942159291497,,
467,985700,0.0,0.0,-0.120155,3299,4.036842105263158,0.10932202734128156,19,48582,,8.101374671228582,2.9444389791664403,-inf,
470,526500,1796.0,51900.0,-1.363708,1624,4.0285714285714285,0.2664387567437259,14,51284,26.0,7.392647520721623,2.6390573296152584,7.493317248862145,3.258096538021482
471,250900,,129600.0,0.414369,401,3.9,0.13303161843711844,3,65763,,5.993961427306569,1.0986122886681098,,
474,507100,2266.0,55600.0,-0.952593,850,4.05,0.24457203562988275,12,49783,46.0,6.745236349484363,2.4849066497880004,7.725771441587952,3.828641396489095
475,555401,,,,6702,4.096296296296296,0.27451702104234205,27,48068,,8.810161268297255,3.295836866004329,,
478,982700,11.0,,,8275,3.873076923076923,0.23881120604667488,26,50582,,9.020994200245264,3.258096538021482,2.3978952727983707,
479,251600,,125500.0,0.224167,1728,4.326666666666667,0.36317394764810546,15,53495,,7.454719949364001,2.70805020110221,,
482,982200,9.0,0.0,-1.034979,1904,4.007142857142857,0.1762521033377227,14,48809,5.0,7.55171221535131,2.6390573296152584,2.1972245773362196,1.6094379124341003
483,523400,2196.0,63600.0,-1.220566,9267,4.286363636363636,0.2333964438583029,22,50798,21.0,9.134214981586691,3.091042453358316,7.694392802629421,3.044522437723423
487,981800,0.0,,,86,4.25,0.09851211622807017,2,60239,,4.454347296253507,0.6931471805599453,-inf,
489,170000,,218400.0,0.784403,2513,4.4399999999999995,0.43520696948619025,20,66108,,7.829232537543592,2.995732273553991,,
494,160900,,125700.0,-0.080768,13062,3.920833333333333,0.22134599843747416,24,50023,,9.477462530462603,3.1780538303479458,,
496,252000,,125100.0,-0.035304,640,4.616666666666666,0.4726837386691836,6,51616,,6.461468176353717,1.791759469228055,,
502,531600,1644.0,64000.0,-0.968224,2865,4.031578947368421,0.20138293011694725,19,50520,56.0,7.9603236291488395,2.9444389791664403,7.404887575616125,4.02535169073515
506,543500,1210.0,73100.0,-1.665733,167,4.4399999999999995,0.2716190384429634,5,52984,38.0,5.117993812416755,1.6094379124341003,7.098375638590786,3.6375861597263857
510,184700,,137500.0,0.349398,606,4.65,0.4154729682064167,2,61042,,6.406879986069314,0.6931471805599453,,
513,985900,0.0,0.0,-0.832,179,3.66,0.10266733744033744,5,51259,8.0,5.187385805840755,1.6094379124341003,-inf,2.0794415416798357
516,531502,,,,1021,4.0600000000000005,0.11664952788624505,5,55215,27.0,6.928537818164665,1.6094379124341003,,3.295836866004329
522,160400,,184000.0,-0.034555,1067,3.75,0.33800239526162773,6,55188,,6.9726062513017535,1.791759469228055,,
524,983903,,,,21900,3.847826086956522,0.2008941020243313,23,48137,,9.994241915804592,3.1354942159291497,,
526,524800,2586.0,58200.0,-0.787624,830,4.14,0.2963389519062953,10,49591,36.0,6.721425700790643,2.302585092994046,7.857867559331803,3.58351893845611
527,985000,19.0,0.0,-1.115931,886,3.44,0.12978975130565007,5,50992,11.0,6.786716950605081,1.6094379124341003,2.9444389791664403,2.3978952727983707
530,256800,,101300.0,0.122458,159,3.9,0.14848993710691824,1,52997,,5.0689042022202315,0.0,,
532,533000,1426.0,89800.0,-1.021324,200,3.8600000000000003,0.27435126052297204,5,53064,51.0,5.298317366548036,1.6094379124341003,7.262628600974241,3.9318256327243257
536,981100,,,,11646,4.4,0.22953609941436218,14,47043,,9.362718052397065,2.6390573296152584,,
538,985600,0.0,0.0,-0.230769,566,3.814285714285714,0.1597870963773069,7,53292,,6.338594078203183,1.9459101490553132,-inf,
545,580200,2818.0,104200.0,0.250013,138,3.8,0.19870690254293705,5,51367,,4.927253685157205,1.6094379124341003,7.943782692458625,
547,256400,,97500.0,-0.178132,316,4.5,0.3187550843253968,2,51199,,5.755742213586912,0.6931471805599453,,
